StartTime,EndTime,SmallConc,LargeConc
01-Jun-2021 18:37:27,01-Jun-2021 18:37:34,732.998864412308,75.8988870459143
01-Jun-2021 18:47:02,01-Jun-2021 18:47:12,349.113875490698,295.871921948242
01-Jun-2021 18:48:21,01-Jun-2021 18:48:29,439.929810292605,347.381144236152
01-Jun-2021 18:53:38,01-Jun-2021 18:53:44,390.801591328212,322.125173913847
01-Jun-2021 18:58:23,01-Jun-2021 18:58:29,339.674833059311,287.958278367828
01-Jun-2021 19:10:14,01-Jun-2021 19:10:21,635.01910007,166.631580614252
01-Jun-2021 19:35:22,01-Jun-2021 19:35:28,107.848383596965,103.398815161416
