StartTime,EndTime,SmallConc,LargeConc
09-Jun-2021 21:43:15,09-Jun-2021 21:43:23,838.347737524245,71.568813300795
09-Jun-2021 21:43:32,09-Jun-2021 21:43:39,390.806915871799,177.974247991107
