StartTime,EndTime,SmallConc,LargeConc
25-Jun-2021 21:27:16,25-Jun-2021 21:27:27,1145.95395323588,114.968846224714
25-Jun-2021 21:29:18,25-Jun-2021 21:29:32,1080.8919736964,96.8679206183801
25-Jun-2021 21:33:42,25-Jun-2021 21:33:48,856.476730372225,26.6609363896506
25-Jun-2021 21:36:03,25-Jun-2021 21:36:09,713.350529347147,36.1293637866953
25-Jun-2021 21:39:48,25-Jun-2021 21:39:55,967.888223469257,47.1522013153881
