StartTime,EndTime,SmallConc,LargeConc
20-Jun-2021 23:59:53,21-Jun-2021 00:00:06,612.459769774894,124.618798593059
21-Jun-2021 00:00:17,21-Jun-2021 00:00:23,741.059746606009,259.457179338006
21-Jun-2021 00:07:29,21-Jun-2021 00:07:35,379.231383468424,70.9038286874337
