Edge,Core,Core_90th,Core_LargeAvgDiam,Core_Largest,Edge_90th,Edge_LargeAvgDiam,Edge_Largest
2,1,19,20.0398706896552,29,21,20.1052369077307,31
3,1,19,20.0398706896552,29,19,20.2258064516129,26
4,2,16,16.7817258883249,27,17,16.8406557377049,28
5,2,16,16.7817258883249,27,17,16.8362952836637,28
6,3,23,24.2732142857143,30,25,24.5763478945297,44
7,4,20,21.4619970193741,54,23,21.1908531222515,32
