StartTime,EndTime,SmallConc,LargeConc
05-Jun-2021 18:48:57,05-Jun-2021 18:49:04,572.772726774216,131.429688845063
05-Jun-2021 18:52:29,05-Jun-2021 18:52:41,720.13236676787,227.655056579325
05-Jun-2021 18:53:34,05-Jun-2021 18:53:41,386.689482759684,160.894627321512
05-Jun-2021 18:55:11,05-Jun-2021 18:55:17,357.065970863615,280.678099580641
