Edge,Core,Core_90th,Core_LargeAvgDiam,Core_Largest,Edge_90th,Edge_LargeAvgDiam,Edge_Largest
1,1,13,14.6,12,11,14.6666666666667,12
3,3,15,15.9632025879499,24,15,15.9634394041977,23
4,4,17,17.9602888086643,28,16,18.1424242424242,26
6,6,17,17.9405572755418,29,16,17.9452054794521,25
7,7,17,17.9773665480427,35,16,18.3020833333333,21
