Edge,Core,Core_90th,Core_LargeAvgDiam,Core_Largest,Edge_90th,Edge_LargeAvgDiam,Edge_Largest
1,1,13,14.6,12,12,14.5,12
2,2,14,14.8435207823961,20,14,14.7020097020097,21
3,3,18,20.3333333333333,16,16,19.2243902439024,23
4,4,15,15.9632025879499,24,16,15.8119469026549,23
6,6,18,19.1621621621622,27,17,18.9485294117647,22
7,7,17,17.9405572755418,29,17,17.9899598393574,25
