Edge,Core,Core_90th,Core_LargeAvgDiam,Core_Largest,Edge_90th,Edge_LargeAvgDiam,Edge_Largest
1,1,12,12,12,12,12,12
2,2,15,15.9625744066976,20,15,15.8752326093757,21
3,3,16,16,16,18,17.0321853323559,23
4,4,17,18.1156172880836,24,17,17.8800513015823,23
6,6,19,20.119406725775,27,19,19.9257131151312,22
7,7,19,20.3096622801314,29,19,20.0107306757088,25
