StartTime,EndTime,SmallConc,LargeConc
20-Jun-2021 23:21:11,20-Jun-2021 23:21:17,992.451743036509,28.8186411868249
20-Jun-2021 23:22:04,20-Jun-2021 23:22:13,1206.43566589355,56.9431165315211
20-Jun-2021 23:32:46,20-Jun-2021 23:32:55,1341.27059822083,6.31706197150052
