StartTime,EndTime,SmallConc,LargeConc
29-May-2021 18:41:49,29-May-2021 18:41:56,1314.47727757692,5.57447288930416
29-May-2021 18:48:26,29-May-2021 18:48:37,1360.08620762825,25.6904044019369
29-May-2021 18:54:59,29-May-2021 18:55:05,347.434965590281,13.2821205380772
29-May-2021 18:55:05,29-May-2021 18:55:15,928.328516700051,52.1079158488322
29-May-2021 18:59:51,29-May-2021 19:00:08,739.24521602328,59.8962156350414
29-May-2021 19:00:06,29-May-2021 19:00:12,377.362211192293,46.486196196505
29-May-2021 19:04:17,29-May-2021 19:04:27,700.740843305872,125.208620857447
29-May-2021 19:04:50,29-May-2021 19:05:16,NaN,NaN
