StartTime,EndTime,SmallConc,LargeConc
20-Jun-2021 22:26:30,20-Jun-2021 22:26:37,907.829097151756,173.960543802474
20-Jun-2021 22:46:20,20-Jun-2021 22:46:27,1303.96577858925,49.5860197502188
20-Jun-2021 22:51:52,20-Jun-2021 22:52:07,829.610107589513,169.377232078346
20-Jun-2021 22:52:05,20-Jun-2021 22:52:24,1046.3631251812,379.058967739716
