StartTime,EndTime,SmallConc,LargeConc
21-Jun-2021 01:36:42,21-Jun-2021 01:36:50,1573.73947079976,131.669969330024
21-Jun-2021 01:36:49,21-Jun-2021 01:36:56,1405.18785333633,118.25175547949
21-Jun-2021 01:41:56,21-Jun-2021 01:42:03,848.126957647502,119.532705785241
21-Jun-2021 01:45:48,21-Jun-2021 01:45:57,765.689386987686,126.690422904678
21-Jun-2021 01:58:34,21-Jun-2021 01:58:45,799.103411087145,215.284039501411
