StartTime,EndTime,SmallConc,LargeConc
05-Jun-2021 20:32:59,05-Jun-2021 20:33:10,28.0890897139907,65.1814392856322
05-Jun-2021 20:34:00,05-Jun-2021 20:34:08,19.5795089246498,58.8735993007819
