StartTime,EndTime,Duration_s,LWC_cdp,LWC_king,LWC_2dc,TotalConc_cdp_cm3,TotalConc_2dc_L,EffRad_cdp,EffRad_2dc,AverageAlt,AverageTemp,MaxUpdraft,MeanUpdraft,HeightAboveCB,AbsoluteHumidity,MixingRatio,VaporPressure,SaturationPessure,SaturationMixingRatio,StaticPres_hPa,DryAirDensity,LWC_over_density,SpecificHeatCapacity,MoistStaticEnergy
05-Jun-2021 20:33:01,05-Jun-2021 20:33:08,7,1.06294448673725,0.924841910600662,0.405961357988417,100.891965866089,20.9630705118179,16.1568973064423,272.726028442383,5094.32269287109,-4.98148715496063,5.35940933227539,3.93616703152657,3936.32269287109,4.5661855340004,6.49319696426392,5.65154957771301,4.4735451833277,4.84517497185228,547.061187744141,0.710802581359686,1.30112345516746,1016.88626313718,56976.7474444134
05-Jun-2021 20:34:02,05-Jun-2021 20:34:06,4,1.0294570684433,0.902081894874573,1.32560024261475,76.9282577514648,16.7979239463806,16.5635066986084,572.085992431641,5078.985546875,-5.34405250549316,7.25982904434204,4.85853180885315,3920.985546875,2.68077521324158,3.78199057579041,3.31322116851807,4.19548116523612,4.69892479307344,548.257385253906,0.713316626271676,1.26463040626086,1016.55367046279,56093.5644156639
